Workbook

Sheet 00_DESPACHO
A1: Fecha | B1: Medicamento | C1: Cantidad | D1: Destinatario | E1: Ubicación | F1: Estado Acción

Sheet 01_CONFIG
A1: Parámetro | B1: Valor

Sheet 02_MEDICAMENTOS
A1: Principio Activo | B1: Concentración | C1: Forma Farmacéutica | D1: Categoría | E1: Stock Actual | F1: Nombre Completo | G1: Código | H1: Código LINAME | I1: Estado
A2: Abacavir | B2: 300 mg | C2: Comprimido | D2: Otros | E2: =SUMIF('03_LOTES'!B:B, F2, '03_LOTES'!E:E) -> 0 | F2: =A2 & " | " & B2 & " | " & C2 -> 0 | G2: MED-00001 | I2: ACTIVO
A3: Abiraterona Acetato | B3: 250 mg | C3: Comprimido | D3: Otros | E3: =SUMIF('03_LOTES'!B:B, F3, '03_LOTES'!E:E) -> 0 | F3: =A3 & " | " & B3 & " | " & C3 -> 0 | G3: MED-00002 | I3: ACTIVO
A4: Ac. Ursodeoxicolico | B4: 250 mg | C4: Cápsula | D4: Otros | E4: =SUMIF('03_LOTES'!B:B, F4, '03_LOTES'!E:E) -> 0 | F4: =A4 & " | " & B4 & " | " & C4 -> 0 | G4: MED-00003 | I4: ACTIVO
A5: Aceite mineral | B5: 40% | C5: Emulsión oral | D5: Otros | E5: =SUMIF('03_LOTES'!B:B, F5, '03_LOTES'!E:E) -> 0 | F5: =A5 & " | " & B5 & " | " & C5 -> 0 | G5: MED-00004 | I5: ACTIVO
A6: Aceite vitaminado (alimento) | B6: Según disponibilidad | C6: Emulsión oral | D6: Vitaminas y Suplementos | E6: =SUMIF('03_LOTES'!B:B, F6, '03_LOTES'!E:E) -> 0 | F6: =A6 & " | " & B6 & " | " & C6 -> 0 | G6: MED-00005 | I6: ACTIVO
A7: Acetazolamida | B7: 250 mg | C7: Comprimido | D7: Otros | E7: =SUMIF('03_LOTES'!B:B, F7, '03_LOTES'!E:E) -> 0 | F7: =A7 & " | " & B7 & " | " & C7 -> 0 | G7: MED-00006 | I7: ACTIVO
A8: Acetil Cisteina | B8: 10% | C8: Inyectable | D8: Otros | E8: =SUMIF('03_LOTES'!B:B, F8, '03_LOTES'!E:E) -> 0 | F8: =A8 & " | " & B8 & " | " & C8 -> 0 | G8: MED-00007 | I8: ACTIVO
A9: Aciclovir | B9: 5% | C9: Crema dérmica | D9: Otros | E9: =SUMIF('03_LOTES'!B:B, F9, '03_LOTES'!E:E) -> 0 | F9: =A9 & " | " & B9 & " | " & C9 -> 0 | G9: MED-00008 | I9: ACTIVO
A10: Aciclovir | B10: 400 mg | C10: Comprimido | D10: Otros | E10: =SUMIF('03_LOTES'!B:B, F10, '03_LOTES'!E:E) -> 0 | F10: =A10 & " | " & B10 & " | " & C10 -> 0 | G10: MED-00009 | I10: ACTIVO
A11: Aciclovir | B11: 200 mg/5 ml | C11: Suspensión | D11: Otros | E11: =SUMIF('03_LOTES'!B:B, F11, '03_LOTES'!E:E) -> 0 | F11: =A11 & " | " & B11 & " | " & C11 -> 0 | G11: MED-00010 | I11: ACTIVO
A12: Aciclovir | B12: 200 mg | C12: Comprimido | D12: Otros | E12: =SUMIF('03_LOTES'!B:B, F12, '03_LOTES'!E:E) -> 0 | F12: =A12 & " | " & B12 & " | " & C12 -> 0 | G12: MED-00011 | I12: ACTIVO
A13: Aciclovir | B13: 800 mg | C13: Comprimido | D13: Otros | E13: =SUMIF('03_LOTES'!B:B, F13, '03_LOTES'!E:E) -> 0 | F13: =A13 & " | " & B13 & " | " & C13 -> 0 | G13: MED-00012 | I13: ACTIVO
... A778: Ácido salicílico | B778: 5% | C778: Solución tópica | D778: Otros | E778: =SUMIF('03_LOTES'!B:B, F778, '03_LOTES'!E:E) -> 0 | F778: =A778 & " | " & B778 & " | " & C778 -> 0 | G778: MED-00777 | I778: ACTIVO

Sheet 03_LOTES
A1: ID | B1: Medicamento | C1: Lote | D1: Cantidad Inicial | E1: Disponible | F1: Proveedor | G1: Fecha Fabricación | H1: Fecha Vencimiento | I1: Costo Unitario | J1: Ubicación | K1: Estado

Sheet 04_MOVIMIENTOS
A1: ID | B1: Fecha | C1: Hora | D1: Tipo | E1: Medicamento | F1: Cantidad | G1: Lote | H1: Destino | I1: Responsable | J1: Observaciones

Sheet 05_KARDEX
A1: ID Movimiento | B1: Fecha | C1: Hora | D1: Medicamento | E1: Tipo | F1: Cantidad | G1: Stock Anterior | H1: Stock Nuevo | I1: Lote | J1: Responsable | K1: Observaciones

Sheet 06_BRIGADAS
A1: ID | B1: Fecha | C1: Nombre Brigada | D1: Lugar | E1: Responsable | F1: Medicamento | G1: Cantidad | H1: Lote | I1: Paciente | J1: Observaciones | K1: Estado

Sheet 07_KITS
A1: ID | B1: Kit | C1: Medicamento | D1: Cantidad | E1: Categoría | F1: Estado

Sheet 08_PROVEEDORES
A1: ID | B1: Proveedor | C1: Contacto | D1: Teléfono | E1: Correo | F1: Dirección | G1: Observaciones

Sheet 09_DONANTES
A1: ID | B1: Donante | C1: Contacto | D1: Teléfono | E1: Correo | F1: Observaciones

Sheet 10_USUARIOS
A1: ID | B1: Nombre | C1: Correo | D1: Cargo | E1: Rol | F1: Estado

Sheet 11_CATEGORIAS
A1: ID | B1: Categoría | C1: Descripción | D1: Estado
A2: CAT001 | B2: Analgésicos y Antiinflamatorios | C2: Medicamentos para el dolor e inflamación | D2: ACTIVO
A3: CAT002 | B3: Antibióticos | C3: Tratamiento de infecciones bacterianas | D3: ACTIVO
A4: CAT003 | B4: Antihipertensivos | C4: Control de la presión arterial | D4: ACTIVO
A5: CAT004 | B5: Hipoglucemiantes | C5: Control de la diabetes | D5: ACTIVO
A6: CAT005 | B6: Antifúngicos | C6: Tratamiento de hongos | D6: ACTIVO
A7: CAT006 | B7: Vitaminas y Suplementos | C7: Nutrición y anemia | D7: ACTIVO
A8: CAT007 | B8: Gastrointestinales | C8: Protección gástrica | D8: ACTIVO
A9: CAT008 | B9: Otros | C9: Otras especialidades | D9: ACTIVO

Sheet 12_UBICACIONES
A1: ID | B1: Ubicación | C1: Descripción

Sheet 13_DASHBOARD
A1: 🏥 SIFARMU v2.0 - Dashboard | B1: Valor
A4: Medicamentos Registrados | B4: =COUNTA('02_MEDICAMENTOS'!A:A)-1 -> 0
A5: Lotes Activos | B5: =COUNTIF('03_LOTES'!K:K, "ACTIVO") -> 0
A6: Stock Total Unidades | B6: =SUM('03_LOTES'!E:E) -> 0
A7: Lotes Vencidos | B7: =COUNTIFS('03_LOTES'!H:H, "<"&TODAY(), '03_LOTES'!H:H, "<>") -> 0

Sheet 14_REPORTES
A1: Fecha | B1: Tipo | C1: Usuario | D1: Observaciones

Sheet 15_LOG
A1: Fecha | B1: Hora | C1: Usuario | D1: Acción | E1: Detalle
